{
    "image_threshold": 15.082934379577637,
    "pixel_threshold": 12.730524063110352,
    "min": 0.09472194314002991,
    "max": 49.69512176513672
}